codigo,univComp
020010101,7
020010201,4
020010202,2
020010203,1
020010204,0
020010205,1
020010206,1
020010207,2
020010208,2
020010209,2
020010210,1
020010211,2
020010212,3
020010213,5
020010214,6
020010215,3
020010216,10
020010217,4
020010218,3
020010219,1
020010301,1
020010302,3
020010303,2
020010304,4
020010305,2
020010306,6
020010307,1
020010308,3
020010309,6
020010310,3
020010311,4
020010312,2
020010313,4
020010314,2
020010315,3
020010316,3
020010317,0
020010318,4
020010319,4
020010320,1
020010321,2
020010322,2
020010323,3
020010401,219
020010402,217
020010403,169
020010404,264
020010405,151
020010406,211
020010407,194
020010408,171
020010501,135
020010502,107
020010503,178
020010504,228
020010505,115
020010506,176
020010507,123
020010601,170
020010602,116
020010603,253
020010604,222
020010605,75
020010606,132
020010607,107
020010608,124
020010609,219
020010610,91
020010701,114
020010702,55
020010703,45
020010704,105
020010705,55
020010706,24
020010707,77
020010708,77
020010709,59
020010710,73
020010711,53
020010712,56
020010713,17
020010801,63
020010802,212
020010803,187
020010804,106
020010805,63
020010806,229
020010807,239
020010808,74
020010809,104
020010810,59
020010901,57
020010902,31
020010903,65
020010904,38
020010905,42
020010906,34
020010907,80
020010908,43
020010909,69
020010910,30
020010911,38
020010912,25
020010913,101
020010914,22
020010915,14
020010916,48
020010917,44
020010918,63
020010919,10
020011001,49
020011002,104
020011003,166
020011004,95
020011005,88
020011006,103
020011007,32
020011008,38
020011009,37
020011010,80
020011011,107
020011012,90
020011013,100
020011014,20
020011101,50
020011102,67
020011103,21
020011104,94
020011105,54
020011106,54
020011107,79
020011108,102
020011109,62
020011110,65
020011111,18
020011112,103
020011113,86
020011114,84
020011201,27
020011202,39
020011203,63
020011204,24
020011205,72
020011206,39
020011207,63
020011208,31
020011209,81
020011210,29
020011211,32
020011212,22
020011301,77
020011302,42
020011303,8
020011304,74
020011305,93
020011306,62
020011307,146
020011308,77
020011309,95
020011310,137
020011311,70
020011312,80
020011313,56
020011314,24
020011315,0
020011401,55
020011402,16
020011403,36
020011404,11
020011405,35
020011406,62
020011407,56
020011408,28
020011409,41
020011410,75
020011411,61
020011412,56
020011501,39
020011502,59
020011503,76
020011504,131
020011505,34
020011506,58
020011507,55
020011508,43
020011509,64
020011510,53
020011511,44
020011601,28
020011602,33
020011603,93
020011604,86
020011605,36
020011606,44
020011607,100
020011608,51
020011609,48
020011610,73
020011611,47
020011612,25
020011701,70
020011702,67
020011703,54
020011704,54
020011705,64
020011706,64
020011707,53
020011708,39
020011709,30
020011710,57
020011711,43
020011801,76
020011802,90
020011803,33
020011804,56
020011805,54
020011806,78
020011807,53
020011808,60
020011809,74
020011901,72
020011902,95
020011903,36
020011904,53
020011905,51
020011906,26
020011907,49
020011908,16
020011909,44
020012001,50
020012002,40
020012003,41
020012004,55
020012005,56
020012006,59
020012007,31
020012008,25
020012009,32
020012010,37
020012101,37
020012102,47
020012103,22
020012104,64
020012105,45
020012106,35
020012107,45
020012108,43
020012109,50
020012110,76
020012201,72
020012202,76
020012203,77
020012204,38
020012205,40
020012206,68
020012207,48
020012208,37
020012209,70
020012210,101
020012301,66
020012302,51
020012303,96
020012304,27
020012305,46
020012306,42
020012307,36
020012308,82
020012309,82
020012310,30
020012401,19
020012402,35
020012403,43
020012404,35
020012405,34
020012406,88
020012407,69
020012408,39
020012501,52
020012502,52
020012503,56
020012504,83
020012505,54
020012506,72
020012507,45
020012508,74
020012509,25
020012510,45
020012511,78
020012601,38
020012602,69
020012603,51
020012604,61
020012605,61
020012606,48
020012607,26
020012608,37
020012609,68
020012701,37
020012702,19
020012703,17
020012704,16
020012705,26
020012706,11
020012707,22
020012708,32
020012709,40
020012710,64
020012801,19
020012802,31
020012803,23
020012804,53
020012805,34
020012806,16
020012807,37
020012808,16
020012809,17
020012810,24
020012811,16
020012812,16
020012813,34
020012901,38
020012902,12
020012903,15
020012904,33
020012905,33
020012906,91
020012907,38
020012908,16
020012909,36
020020101,0
020020102,1
020020201,99
020020202,191
020020203,123
020020204,99
020020205,115
020020206,74
020020207,66
020020208,144
020020301,170
020020302,167
020020303,45
020020304,86
020020305,139
020020306,109
020020307,183
020020308,132
020020401,138
020020402,45
020020403,80
020020404,79
020020405,137
020020406,99
020020407,105
020020408,217
020020409,168
020020410,196
020020501,112
020020502,158
020020503,122
020020504,108
020020505,144
020020506,161
020020507,163
020020508,140
020020509,117
020020601,87
020020602,275
020020603,122
020020604,173
020020605,73
020020606,122
020020607,84
020020608,84
020020609,113
020020610,89
020020701,269
020020702,227
020020703,169
020020704,131
020020705,110
020020706,122
020020707,178
020020708,58
020020709,97
020020801,135
020020802,138
020020803,188
020020804,210
020020805,166
020020806,251
020020807,323
020020808,170
020020901,170
020020902,96
020020903,197
020020904,226
020020905,206
020020906,179
020020907,206
020020908,269
020020909,213
020021001,200
020021002,143
020021003,89
020021004,154
020021005,147
020021006,150
020021007,188
020021008,182
020021009,115
020021101,266
020021102,101
020021103,298
020021104,281
020021105,54
020021106,114
020021201,191
020021202,167
020021203,193
020021204,290
020021205,262
020021206,199
020021301,260
020021302,155
020021303,213
020021304,249
020021305,244
020021306,152
020021307,247
020021401,109
020021402,131
020021403,64
020021404,147
020021405,226
020021406,200
020021407,135
020021408,148
020021409,243
020021410,201
020021501,134
020021502,171
020021503,318
020021504,151
020021505,108
020021506,125
020021507,147
020021508,142
020021601,123
020021602,136
020021603,145
020021604,133
020021605,170
020021606,133
020021607,145
020021608,95
020021701,197
020021702,159
020021703,183
020021704,52
020021705,120
020021706,186
020021707,178
020021708,166
020021709,144
020021801,149
020021802,232
020021803,159
020021804,87
020021805,101
020021806,123
020021807,103
020021808,95
020021901,136
020021902,98
020021903,119
020021904,167
020021905,124
020021906,124
020021907,104
020021908,106
020022001,165
020022002,131
020022003,134
020022004,113
020022005,88
020022006,110
020022007,89
020022008,105
020022101,215
020022102,183
020022103,128
020022104,185
020022105,191
020022106,162
020022201,146
020022202,119
020022203,113
020022204,202
020022205,248
020022206,218
020022301,177
020022302,223
020022303,182
020022304,156
020022305,117
020022306,87
020022307,88
020022308,66
020022309,184
020022401,201
020022402,153
020022403,157
020022404,178
020022405,164
020022406,179
020022501,133
020022502,133
020022503,66
020022504,147
020022505,155
020022506,82
020022507,126
020022508,194
020022509,146
020022510,102
020022511,141
020030101,109
020030102,96
020030103,134
020030104,52
020030105,49
020030106,28
020030107,21
020030108,17
020030109,38
020030110,31
020030111,48
020030201,68
020030202,88
020030203,63
020030204,67
020030205,56
020030206,48
020030207,73
020030208,67
020030209,61
020030210,41
020030211,61
020030212,81
020030301,118
020030302,112
020030303,68
020030304,55
020030305,57
020030306,70
020030307,52
020030308,66
020030309,34
020030310,52
020030311,0
020030401,100
020030402,49
020030403,79
020030404,58
020030405,40
020030406,75
020030407,59
020030408,53
020030501,82
020030502,61
020030503,123
020030504,74
020030505,98
020030506,72
020030507,141
020030601,96
020030602,39
020030603,107
020030604,101
020030605,69
020030606,65
020030607,83
020030701,26
020030702,112
020030703,112
020030704,85
020030705,71
020030706,62
020030707,123
020030708,38
020030709,75
020030801,87
020030802,52
020030803,90
020030804,46
020030805,41
020030806,52
020030807,24
020030808,29
020030809,49
020030810,42
020030901,67
020030902,44
020030903,76
020030904,68
020030905,28
020030906,25
020030907,27
020030908,44
020030909,60
020030910,60
020031001,57
020031002,62
020031003,45
020031004,72
020031005,42
020031006,66
020031007,62
020031008,49
020031101,100
020031102,71
020031103,60
020031104,110
020031105,74
020031106,108
020031107,103
020031108,73
020031201,73
020031202,98
020031203,65
020031204,43
020031205,114
020031206,7
020031207,103
020031208,52
020031209,39
020031210,46
020031301,70
020031302,55
020031303,85
020031304,39
020031305,63
020031306,72
020031307,69
020031308,46
020031309,78
020031310,42
020031311,46
020031401,28
020031402,47
020031403,76
020031404,38
020031405,47
020031406,115
020031407,36
020031408,42
020031409,3
020031410,56
020031501,63
020031502,67
020031503,37
020031504,84
020031505,85
020031506,58
020031507,111
020031508,120
020031509,17
020031601,70
020031602,102
020031603,68
020031604,35
020031605,23
020031606,40
020031607,52
020031608,43
020031609,148
020031701,43
020031702,39
020031703,30
020031704,31
020031705,31
020031706,42
020031707,62
020031708,42
020031709,36
020031801,30
020031802,30
020031803,38
020031804,74
020031805,19
020031806,23
020031807,33
020031808,41
020031809,55
020031810,29
020031811,45
020031901,95
020031902,32
020031903,57
020031904,52
020031905,59
020031906,51
020031907,65
020031908,73
020031909,60
020031910,29
020032001,31
020032002,94
020032003,64
020032004,59
020032005,39
020032006,23
020032007,59
020032008,57
020032009,80
020032010,45
020032011,51
020032101,69
020032102,74
020032103,62
020032104,67
020032105,29
020032106,46
020032107,39
020032108,62
020032109,35
020032110,67
020032201,44
020032202,58
020032203,25
020032204,49
020032205,46
020032206,57
020032207,30
020032208,58
020032209,55
020032301,52
020032302,68
020032303,82
020032304,19
020032305,37
020032306,38
020032307,55
020032308,38
020032309,25
020032310,57
020032401,36
020032402,39
020032403,35
020032404,48
020032405,30
020032406,64
020032407,85
020032408,46
020032409,39
020032501,139
020032502,45
020032503,27
020032504,41
020032505,59
020032506,30
020032507,29
020032508,106
020032509,43
020032601,68
020032602,76
020032603,45
020032604,48
020032605,62
020032606,40
020032607,48
020032608,37
020032609,30
020032701,78
020032702,58
020032703,53
020032704,45
020032705,30
020032706,38
020032707,57
020040101,9
020040102,11
020040103,7
020040104,9
020040105,3
020040106,6
020040107,6
020040108,8
020040109,15
020040110,4
020040111,5
020040112,9
020040113,9
020040114,9
020040201,20
020040202,17
020040203,33
020040204,17
020040205,14
020040206,19
020040207,27
020040208,13
020040209,9
020040210,7
020040301,36
020040302,17
020040303,13
020040304,19
020040305,31
020040306,31
020040307,20
020040308,26
020040309,14
020040310,28
020040311,16
020040312,12
020040313,7
020040401,20
020040402,40
020040403,41
020040404,33
020040405,36
020040406,18
020040407,33
020040408,25
020040409,19
020040410,18
020040411,25
020040501,69
020040502,32
020040503,52
020040504,24
020040505,34
020040506,48
020040507,23
020040508,23
020040509,42
020040510,17
020040511,26
020040601,80
020040602,32
020040603,39
020040604,64
020040605,40
020040606,61
020040607,42
020040608,53
020040609,51
020040610,41
020040611,51
020040701,53
020040702,47
020040703,20
020040704,86
020040705,45
020040706,41
020040707,62
020040708,42
020040709,42
020040710,34
020040711,27
020040712,26
020040801,50
020040802,44
020040803,34
020040804,39
020040805,41
020040806,31
020040807,84
020040808,4
020040809,22
020040810,17
020040811,19
020040901,9
020040902,12
020040903,7
020040904,9
020040905,13
020040906,11
020040907,18
020041001,1
020041002,11
020041003,4
020041004,0
020041005,27
020041006,1
020041007,2
020041008,0
020041009,3
020041101,22
020041102,58
020041103,31
020041104,26
020041105,17
020041106,20
020041107,13
020041108,29
020041109,13
020041201,24
020041202,11
020041203,46
020041204,28
020041205,29
020041206,14
020041207,20
020041208,31
020041209,72
020041210,20
020041211,62
020041212,41
020041301,132
020041302,61
020041303,57
020041304,64
020041305,87
020041306,26
020041307,131
020041308,47
020041309,48
020041310,42
020041311,91
020041401,32
020041402,45
020041403,56
020041404,99
020041405,64
020041406,55
020041407,44
020041408,96
020041409,60
020041501,51
020041502,121
020041503,140
020041504,57
020041505,42
020041506,35
020041507,46
020041508,58
020041509,46
020041510,31
020041601,27
020041602,124
020041603,27
020041604,26
020041605,50
020041606,31
020041607,12
020041608,10
020041609,44
020041610,30
020041701,56
020041702,45
020041703,25
020041704,52
020041705,39
020041706,58
020041707,43
020041708,35
020041709,61
020041710,17
020041801,2
020041901,15
020041902,30
020041903,31
020041904,12
020041905,23
020041906,11
020041907,6
020041908,9
020041909,8
020041910,14
020042001,18
020042002,22
020042003,9
020042004,4
020042005,11
020042006,18
020042007,18
020042008,10
020042009,12
020042010,19
020042011,26
020042012,38
020042101,9
020042102,2
020042103,19
020042104,8
020042105,11
020042106,16
020042107,17
020042108,6
020042109,6
020042110,4
020042111,8
020042112,12
020042201,44
020042202,47
020042203,87
020042204,68
020042205,49
020042206,68
020042207,83
020042208,36
020042209,19
020042210,24
020042211,43
020042212,17
020042301,9
020042302,18
020042303,22
020042304,18
020042305,31
020042306,38
020042307,26
020042308,25
020042309,9
020042310,18
020042311,6
020042312,9
020042401,0
020042402,4
020042403,1
020042404,0
020042405,2
020042406,6
020042501,4
020042502,5
020042503,17
020042504,3
020042601,1
020042602,4
020042603,4
020050101,73
020050102,124
020050103,83
020050104,111
020050105,135
020050106,48
020050107,75
020050108,96
020050109,96
020050110,66
020050201,108
020050202,68
020050203,107
020050204,155
020050205,67
020050206,53
020050207,41
020050208,165
020050209,80
020050210,56
020050211,94
020050301,71
020050302,112
020050303,14
020050304,53
020050305,78
020050306,75
020050307,60
020050308,46
020050309,59
020050310,44
020050311,88
020050401,117
020050402,96
020050403,87
020050404,85
020050405,82
020050406,136
020050407,62
020050408,148
020050409,76
020050501,85
020050502,173
020050503,106
020050504,75
020050505,75
020050506,85
020050507,83
020050508,100
020050601,109
020050602,136
020050603,120
020050604,188
020050605,152
020050606,82
020050607,110
020050608,121
020050701,131
020050702,62
020050703,71
020050704,163
020050705,133
020050706,58
020050707,41
020050708,81
020050801,139
020050802,81
020050803,158
020050804,118
020050805,44
020050806,94
020050807,110
020050808,95
020050809,91
020050901,126
020050902,75
020050903,71
020050904,59
020050905,79
020050906,70
020050907,55
020050908,82
020050909,101
020050910,79
020051001,129
020051002,146
020051003,30
020051004,57
020051005,42
020051006,74
020051007,112
020051008,77
020051009,86
020051010,62
020051101,131
020051102,108
020051103,88
020051104,86
020051105,97
020051106,90
020051107,109
020051108,75
020051109,87
020051110,106
020051201,60
020051202,251
020051203,141
020051204,74
020051205,54
020051206,231
020051207,87
020051301,127
020051302,88
020051303,100
020051304,76
020051305,83
020051306,134
020051307,92
020051308,140
020051309,145
020051401,92
020051402,68
020051403,100
020051404,105
020051405,195
020051406,155
020051407,34
020051408,85
020051409,91
020051501,98
020051502,113
020051503,55
020051504,133
020051505,103
020051506,89
020051507,76
020051508,46
020051509,15
020051601,97
020051602,45
020051603,32
020051604,49
020051605,68
020051606,46
020051607,39
020051608,66
020051609,70
020051610,54
020051611,95
020051701,58
020051702,78
020051703,76
020051704,69
020051705,103
020051706,90
020051707,110
020051708,98
020051709,43
020051710,60
020051711,111
020051801,103
020051802,81
020051803,65
020051804,62
020051805,58
020051806,49
020051807,73
020051808,22
020051809,52
020051810,69
020051811,74
020051901,64
020051902,45
020051903,67
020051904,69
020051905,42
020051906,61
020051907,34
020051908,90
020051909,60
020051910,71
020051911,97
020052001,34
020052002,55
020052003,41
020052004,43
020052005,36
020052006,34
020052007,40
020052008,40
020052009,39
020052010,44
020052011,46
020052012,23
020052101,82
020052102,54
020052103,39
020052104,66
020052105,47
020052106,56
020052107,48
020052108,26
020052109,39
020052110,34
020052111,39
020052201,48
020052202,39
020052203,43
020052204,60
020052205,44
020052206,53
020052207,90
020052208,31
020052209,36
020052210,40
020052211,50
020052212,36
020052213,23
020060101,45
020060102,44
020060103,66
020060104,44
020060105,96
020060106,66
020060107,55
020060108,60
020060109,45
020060110,35
020060111,60
020060112,59
020060201,114
020060202,103
020060203,60
020060204,61
020060205,71
020060206,110
020060207,75
020060208,110
020060209,82
020060210,89
020060211,166
020060301,80
020060302,80
020060303,82
020060304,73
020060305,60
020060306,76
020060307,91
020060308,80
020060309,116
020060310,99
020060401,41
020060402,68
020060403,96
020060404,81
020060405,78
020060406,82
020060407,52
020060408,115
020060409,81
020060410,102
020060411,107
020060501,77
020060502,120
020060503,104
020060504,78
020060505,124
020060506,85
020060507,87
020060508,60
020060509,78
020060510,91
020060511,139
020060512,28
020060601,132
020060602,320
020060603,143
020060604,62
020060605,65
020060606,102
020060607,94
020060608,112
020060609,112
020060701,83
020060702,110
020060703,74
020060704,98
020060705,85
020060706,75
020060707,121
020060708,77
020060709,114
020060710,101
020060711,81
020060712,86
020060713,85
020060801,101
020060802,142
020060803,84
020060804,83
020060805,86
020060806,149
020060807,98
020060808,174
020060809,62
020060810,114
020060901,74
020060902,91
020060903,92
020060904,177
020060905,32
020060906,133
020060907,66
020060908,76
020060909,148
020060910,102
020061001,74
020061002,50
020061003,113
020061004,80
020061005,151
020061006,127
020061007,87
020061008,181
020061009,82
020061010,155
020061101,112
020061102,54
020061103,97
020061104,118
020061105,64
020061106,94
020061107,85
020061108,98
020061109,66
020061110,58
020061201,65
020061202,55
020061203,52
020061204,43
020061205,111
020061206,66
020061207,98
020061208,103
020061209,102
020061210,79
020061211,84
020061212,48
020061301,89
020061302,170
020061303,107
020061304,165
020061305,123
020061306,73
020061307,135
020061308,161
020061309,146
020061401,149
020061402,82
020061403,124
020061404,154
020061405,142
020061406,174
020061407,81
020061408,85
020061409,118
020061410,139
020061501,102
020061502,218
020061503,116
020061504,112
020061505,108
020061506,120
020061507,98
020061508,105
020061509,66
020061510,133
020061601,75
020061602,122
020061603,132
020061604,105
020061605,127
020061606,156
020061607,139
020061608,216
020061609,130
020061610,157
020061611,115
020061701,113
020061702,123
020061703,86
020061704,120
020061705,211
020061706,109
020061707,84
020061801,93
020061802,79
020061803,88
020061804,136
020061805,135
020061806,179
020061807,175
020061808,147
020061809,120
020061901,145
020061902,238
020061903,201
020061904,135
020061905,93
020061906,164
020061907,128
020061908,114
020062001,67
020062002,70
020062003,137
020062004,84
020062005,132
020062006,139
020062007,72
020062008,176
020062009,116
020062010,110
020062101,75
020062102,147
020062103,143
020062104,60
020062105,118
020062106,66
020062107,97
020062108,139
020062109,91
020062110,88
020062111,100
020070101,34
020070102,38
020070103,35
020070104,32
020070105,11
020070106,27
020070107,26
020070108,43
020070109,33
020070110,65
020070201,57
020070202,82
020070203,55
020070204,101
020070205,47
020070206,50
020070207,41
020070208,52
020070209,70
020070301,51
020070302,91
020070303,92
020070304,91
020070305,73
020070306,68
020070307,124
020070308,63
020070309,53
020070310,110
020070401,69
020070402,45
020070403,144
020070404,133
020070405,86
020070406,156
020070407,151
020070408,150
020070409,40
020070410,112
020070501,117
020070502,78
020070503,81
020070504,116
020070505,147
020070506,65
020070507,64
020070508,56
020070509,99
020070601,92
020070602,52
020070603,39
020070604,47
020070605,63
020070606,64
020070607,92
020070608,41
020070609,78
020070701,40
020070702,29
020070703,81
020070704,48
020070705,52
020070706,70
020070707,34
020070708,41
020070709,53
020070710,103
020070711,55
020070801,64
020070802,66
020070803,47
020070804,62
020070805,62
020070806,60
020070807,85
020070808,62
020070901,65
020070902,71
020070903,43
020070904,74
020070905,48
020070906,66
020070907,55
020070908,70
020070909,40
020070910,49
020070911,31
020071001,79
020071002,41
020071003,57
020071004,78
020071005,67
020071006,88
020071007,91
020071008,121
020071009,72
020071010,105
020071101,65
020071102,120
020071103,87
020071104,103
020071105,77
020071106,87
020071107,155
020071108,139
020071109,120
020071110,74
020071201,110
020071202,41
020071203,54
020071204,76
020071205,62
020071206,71
020071207,42
020071208,25
020071209,47
020071301,61
020071302,71
020071303,111
020071304,69
020071305,115
020071306,86
020071307,42
020071308,30
020071309,39
020071310,67
020071311,75
020071312,42
020071313,46
020071314,54
020071315,40
020071401,44
020071402,50
020071403,44
020071404,45
020071405,54
020071406,62
020071407,47
020071408,58
020071409,28
020071410,41
020071411,44
020071412,60
020071413,30
020071501,11
020071502,25
020071503,33
020071504,25
020071505,25
020071506,27
020071507,21
020071508,18
020071509,20
020071510,13
020071511,17
020071601,50
020071602,37
020071603,52
020071604,32
020071605,35
020071606,52
020071607,30
020071608,22
020071609,31
020071701,6
020071702,2
020071703,8
020071704,3
020071705,3
020071706,8
020071707,13
020071708,2
020071709,9
020071710,5
020071711,3
020071801,3
020071802,1
020071803,2
020071804,7
020071805,4
020071806,4
020071807,6
020071808,5
020071809,7
020071810,7
020071811,3
020071901,7
020071902,11
020071903,5
020071904,8
020071905,4
020071906,10
020072001,66
020072002,36
020072003,51
020072004,22
020072005,33
020072006,37
020072007,29
020072008,37
020072009,22
020072010,16
020072011,25
020072012,12
020072013,26
020072101,92
020072102,124
020072103,110
020072104,56
020072105,74
020072106,126
020072107,53
020072108,25
020072109,62
020072110,89
020072111,49
020072112,69
020072201,62
020072202,112
020072203,93
020072204,103
020072205,85
020072206,80
020072207,60
020072208,63
020072209,53
020072210,52
020072211,74
020072212,41
020072213,69
020072301,65
020072302,112
020072303,96
020072304,69
020072305,57
020072306,48
020072307,58
020072308,52
020072309,54
020072401,57
020072402,52
020072403,49
020072404,54
020072405,52
020072406,54
020072407,47
020072408,28
020072409,44
020072410,34
020072411,41
020080101,3
020080102,7
020080103,1
020080104,2
020080105,3
020080106,7
020080107,0
020080108,7
020080109,8
020080110,5
020080111,2
020080112,7
020080201,10
020080202,1
020080203,4
020080204,5
020080205,4
020080206,7
020080207,13
020080208,9
020080209,11
020080210,13
020080301,14
020080302,11
020080303,6
020080304,15
020080305,26
020080306,8
020080307,8
020080308,2
020080309,5
020080310,2
020080401,13
020080402,10
020080403,12
020080404,14
020080405,26
020080406,20
020080407,12
020080408,18
020080409,25
020080410,18
020080411,18
020080501,19
020080502,14
020080503,21
020080504,15
020080505,7
020080506,11
020080507,14
020080508,14
020080509,24
020080510,29
020080511,20
020080601,21
020080602,31
020080603,15
020080604,14
020080605,17
020080606,11
020080607,13
020080608,21
020080609,15
020080610,14
020080611,18
020080701,9
020080702,10
020080703,6
020080704,3
020080705,3
020080706,0
020080707,2
020080708,3
020080709,7
020080710,4
020080711,11
020080712,6
020080713,9
020080714,7
020080801,12
020080802,32
020080803,30
020080804,40
020080805,21
020080806,39
020080807,43
020080808,25
020080809,15
020080810,19
020080811,23
020080901,14
020080902,18
020080903,29
020080904,13
020080905,61
020080906,8
020080907,27
020080908,20
020080909,25
020081001,15
020081002,13
020081003,13
020081004,51
020081005,26
020081006,32
020081007,24
020081008,13
020081101,46
020081102,35
020081103,51
020081104,33
020081105,19
020081201,28
020081202,30
020081203,17
020081204,14
020081205,44
020081206,23
020081207,23
020081301,0
020081302,2
020081303,4
020081304,17
020081305,10
020081306,11
020081307,7
020081308,8
020081401,3
020081402,6
020081403,6
020081404,5
020081405,11
020081406,4
020081407,10
020081408,12
020081409,4
020081410,6
020081501,6
020081502,2
020081503,5
020081504,0
020081505,6
020081506,2
020081507,2
020081508,3
020081509,10
020081510,9
020081601,5
020081602,3
020081603,3
020081604,4
020081605,3
020081606,9
020081607,3
020081608,6
020081609,5
020081610,7
020081701,19
020081702,18
020081703,17
020081704,32
020081705,20
020090101,20
020090102,21
020090103,39
020090104,29
020090105,29
020090106,27
020090107,34
020090108,24
020090109,43
020090201,49
020090202,41
020090203,54
020090204,56
020090205,63
020090206,31
020090207,43
020090208,37
020090209,45
020090210,40
020090211,56
020090212,28
020090301,29
020090302,35
020090303,48
020090304,51
020090305,41
020090306,46
020090307,75
020090308,39
020090309,36
020090310,44
020090311,42
020090312,32
020090313,28
020090401,38
020090402,34
020090403,41
020090404,42
020090405,37
020090406,24
020090407,23
020090408,25
020090409,35
020090410,42
020090411,44
020090501,31
020090502,49
020090503,26
020090504,28
020090505,51
020090506,34
020090507,41
020090508,38
020090509,54
020090510,39
020090511,36
020090601,44
020090602,28
020090603,38
020090604,33
020090605,49
020090606,23
020090607,53
020090608,27
020090609,70
020090610,36
020090611,26
020090612,26
020090701,34
020090702,35
020090703,21
020090704,34
020090705,33
020090706,32
020090707,37
020090708,37
020090709,32
020090710,18
020090711,25
020090712,34
020090713,33
020090714,29
020090801,29
020090802,24
020090803,45
020090804,36
020090805,26
020090806,31
020090807,13
020090808,32
020090809,10
020090810,25
020090811,17
020090812,21
020090813,13
020090901,28
020090902,14
020090903,55
020090904,6
020090905,9
020090906,29
020090907,41
020090908,17
020090909,17
020090910,19
020090911,11
020090912,21
020090913,16
020090914,26
020091001,44
020091002,33
020091003,30
020091004,31
020091005,39
020091006,35
020091007,30
020091008,56
020091009,21
020091010,44
020091011,24
020091012,21
020091101,64
020091102,52
020091103,36
020091104,59
020091105,73
020091106,41
020091107,40
020091108,40
020091109,34
020091110,21
020091111,39
020091112,42
020091201,42
020091202,21
020091203,24
020091204,29
020091205,23
020091206,24
020091207,33
020091208,30
020091209,30
020091210,30
020091211,17
020091212,21
020091301,33
020091302,34
020091303,30
020091304,22
020091305,22
020091306,17
020091307,15
020091401,30
020091402,24
020091403,14
020091404,3
020091405,3
020091406,7
020091407,3
020091408,3
020091409,6
020091410,10
020091501,12
020091502,5
020091503,8
020091504,19
020091505,22
020091506,28
020091507,12
020091508,21
020091509,12
020091510,12
020091511,17
020091601,15
020091602,22
020091603,9
020091604,11
020091605,9
020091606,16
020091607,15
020091608,13
020091609,21
020091610,12
020091611,6
020091612,12
020091613,10
020100101,38
020100102,49
020100103,48
020100104,47
020100105,28
020100106,41
020100107,49
020100108,49
020100201,52
020100202,46
020100203,28
020100204,49
020100205,55
020100206,82
020100207,39
020100208,59
020100301,39
020100302,49
020100303,78
020100304,48
020100305,43
020100306,44
020100307,49
020100308,46
020100401,80
020100402,94
020100403,57
020100404,58
020100405,54
020100406,54
020100407,41
020100408,40
020100409,53
020100501,20
020100502,36
020100503,52
020100504,32
020100505,51
020100506,29
020100507,38
020100508,45
020100509,32
020100510,40
020100511,39
020100512,30
020100513,32
020100514,40
020100601,29
020100602,28
020100603,57
020100604,54
020100605,64
020100606,49
020100607,59
020100608,61
020100609,42
020100610,53
020100611,42
020100612,59
020100613,61
020100701,58
020100702,64
020100703,70
020100704,68
020100705,41
020100706,48
020100707,71
020100708,60
020100709,51
020100710,48
020100801,61
020100802,61
020100803,63
020100804,61
020100805,42
020100806,53
020100807,61
020100808,45
020100809,45
020100901,58
020100902,42
020100903,47
020100904,46
020100905,39
020100906,52
020100907,38
020100908,42
020100909,39
020100910,37
020101001,32
020101002,54
020101003,69
020101004,59
020101005,50
020101006,61
020101007,50
020101008,51
020101009,49
020101010,47
020101011,32
020101012,42
020101101,45
020101102,59
020101103,42
020101104,45
020101105,46
020101106,24
020101107,54
020101108,50
020101109,75
020101110,53
020101111,32
020101201,73
020101202,82
020101203,50
020101204,31
020101205,22
020101206,26
020101207,40
020101208,38
020101209,54
020101210,29
020101301,44
020101302,34
020101303,34
020101304,45
020101305,45
020101306,56
020101307,40
020101308,74
020101309,51
020101310,58
020101311,47
020101312,52
020101401,59
020101402,29
020101403,37
020101404,50
020101405,51
020101406,40
020101407,47
020101408,28
020101409,37
020101410,56
020101411,31
020101501,34
020101502,56
020101503,29
020101504,34
020101505,52
020101506,37
020101507,23
020101508,41
020101509,69
020101601,38
020101602,44
020101603,33
020101604,58
020101605,71
020101606,60
020101607,45
020101608,37
020101609,61
020101701,57
020101702,56
020101703,57
020101704,104
020101705,62
020101706,48
020101707,40
020101708,37
020101709,29
020101710,34
020101801,36
020101802,40
020101803,44
020101804,54
020101805,54
020101806,46
020101807,57
020101808,32
020101809,107
020101810,28
020101811,28
020101812,34
020101901,35
020101902,60
020101903,36
020101904,45
020101905,55
020101906,51
020101907,81
020101908,26
020101909,51
020101910,50
020101911,70
020101912,83
020110101,58
020110102,58
020110103,36
020110104,56
020110105,36
020110106,55
020110107,59
020110108,52
020110109,62
020110110,78
020110111,99
020110112,54
020110201,63
020110202,69
020110203,62
020110204,62
020110205,94
020110206,81
020110207,79
020110208,94
020110209,66
020110210,112
020110211,85
020110301,94
020110302,112
020110303,75
020110304,74
020110305,77
020110306,90
020110307,77
020110308,83
020110309,86
020110310,96
020110311,69
020110312,58
020110401,90
020110402,99
020110403,65
020110404,120
020110405,85
020110406,78
020110407,102
020110408,90
020110409,101
020110410,67
020110411,82
020110412,94
020110413,94
020110501,55
020110502,86
020110503,100
020110504,68
020110505,60
020110506,57
020110507,55
020110508,51
020110509,38
020110510,58
020110601,67
020110602,71
020110603,75
020110604,48
020110605,55
020110606,35
020110607,51
020110608,33
020110609,39
020110610,24
020110611,32
020110701,18
020110702,41
020110703,61
020110704,57
020110705,62
020110706,72
020110707,47
020110708,56
020110709,67
020110710,56
020110711,41
020110712,20
020110801,86
020110802,78
020110803,50
020110804,69
020110805,60
020110806,77
020110807,62
020110808,97
020110809,71
020110901,82
020110902,79
020110903,124
020110904,51
020110905,85
020110906,64
020110907,67
020110908,77
020110909,58
020110910,90
020110911,58
020110912,63
020111001,68
020111002,88
020111003,72
020111004,106
020111005,105
020111006,123
020111007,95
020111008,70
020111009,81
020111010,55
020111101,31
020111102,62
020111103,36
020111104,13
020111105,55
020111106,67
020111107,46
020111108,37
020111109,39
020111201,48
020111202,44
020111203,77
020111204,48
020111205,52
020111206,71
020111207,43
020111208,55
020111209,38
020111210,48
020111301,76
020111302,77
020111303,64
020111304,63
020111305,82
020111306,84
020111307,65
020111308,71
020111309,85
020111310,56
020111311,60
020111401,64
020111402,56
020111403,60
020111404,38
020111405,73
020111406,60
020111407,113
020111501,49
020111502,51
020111503,51
020111504,82
020111505,60
020111506,49
020111507,63
020111508,58
020111509,56
020111510,65
020111511,67
020111601,50
020111602,71
020111603,40
020111604,39
020111605,36
020111606,71
020111607,45
020111608,67
020111609,37
020111610,42
020111701,44
020111702,41
020111703,52
020111704,41
020111705,43
020111706,51
020111707,48
020111708,48
020111801,37
020111802,46
020111803,55
020111804,58
020111805,58
020111806,116
020111807,29
020111808,38
020111809,32
020111901,40
020111902,41
020111903,41
020111904,46
020111905,41
020111906,41
020111907,51
020111908,39
020111909,54
020112001,50
020112002,44
020112003,49
020112004,47
020112005,58
020112006,39
020112007,41
020112008,29
020112009,89
020112010,50
020112011,33
020112101,46
020112102,36
020112103,69
020112104,54
020112105,72
020112106,31
020112107,42
020112108,34
020112109,39
020112110,47
020112111,62
020112201,65
020112202,46
020112203,65
020112204,29
020112205,61
020112206,69
020112207,71
020112208,43
020112209,53
020112210,53
020112211,53
020120101,47
020120102,53
020120103,43
020120104,49
020120105,33
020120106,43
020120107,107
020120108,29
020120109,54
020120110,63
020120111,60
020120201,53
020120202,55
020120203,56
020120204,85
020120205,80
020120206,55
020120207,44
020120208,64
020120301,11
020120302,33
020120303,53
020120304,61
020120305,46
020120306,1
020120307,67
020120308,36
020120309,43
020120310,92
020120311,66
020120401,61
020120402,55
020120403,96
020120404,86
020120405,61
020120406,73
020120407,148
020120408,89
020120409,55
020120410,64
020120501,57
020120502,65
020120503,231
020120504,98
020120505,96
020120506,86
020120507,111
020120508,154
020120509,78
020120510,75
020120511,86
020120601,68
020120602,54
020120603,61
020120604,88
020120605,95
020120606,104
020120607,75
020120608,71
020120609,73
020120610,64
020120701,65
020120702,87
020120703,87
020120704,108
020120705,99
020120706,84
020120707,91
020120708,110
020120709,198
020120710,152
020120801,175
020120802,77
020120803,99
020120804,80
020120805,76
020120806,101
020120807,109
020120808,159
020120809,146
020120810,122
020120811,104
020120901,59
020120902,72
020120903,65
020120904,81
020120905,49
020120906,74
020120907,56
020121001,80
020121002,103
020121003,51
020121004,62
020121005,95
020121006,78
020121007,75
020121008,140
020121009,68
020121010,56
020121011,91
020121101,72
020121102,43
020121103,41
020121104,89
020121105,51
020121106,84
020121107,91
020121108,111
020121109,125
020121110,108
020121111,71
020121201,70
020121202,165
020121203,174
020121204,77
020121205,98
020121206,78
020121207,76
020121208,58
020121301,111
020121302,90
020121303,249
020121304,138
020121305,135
020121306,105
020121307,50
020121401,81
020121402,101
020121403,108
020121404,121
020121405,122
020121406,115
020121407,127
020121408,160
020121409,112
020121410,128
020121501,71
020121502,101
020121503,116
020121504,113
020121505,124
020121506,110
020121507,129
020121508,98
020121509,149
020121510,53
020121511,81
020121512,81
020121513,91
020121601,110
020121602,90
020121603,106
020121604,142
020121605,189
020121606,222
020121607,64
020121608,150
020121609,123
020121610,69
020121611,79
020121612,69
020121613,49
020121614,27
020121701,53
020121702,65
020121703,64
020121704,65
020121705,95
020121706,82
020121707,68
020121708,141
020121801,35
020121802,41
020121803,43
020121804,39
020121805,46
020121806,41
020121807,45
020121808,43
020121809,55
020121810,53
020121811,51
020121812,110
020121813,61
020121901,21
020121902,23
020121903,25
020121904,39
020121905,63
020121906,56
020121907,56
020121908,82
020121909,54
020121910,76
020121911,60
020121912,68
020121913,61
020122001,61
020122002,126
020122003,88
020122004,99
020122005,100
020122006,67
020122007,54
020122008,58
020122101,107
020122102,100
020122103,72
020122104,91
020122105,57
020122106,67
020122107,67
020122108,72
020122109,44
020122110,34
020122201,52
020122202,62
020122203,41
020122204,52
020122205,73
020122206,70
020122207,101
020122208,83
020122209,96
020122210,76
020122211,97
020130101,78
020130102,141
020130103,83
020130104,142
020130105,224
020130106,170
020130107,87
020130108,89
020130109,67
020130110,104
020130111,111
020130112,78
020130113,90
020130114,74
020130201,150
020130202,115
020130203,64
020130204,84
020130205,157
020130206,216
020130207,88
020130208,102
020130209,183
020130210,171
020130211,128
020130301,151
020130302,102
020130303,107
020130304,182
020130305,107
020130306,103
020130307,105
020130308,94
020130309,125
020130310,191
020130401,87
020130402,121
020130403,103
020130404,109
020130405,115
020130406,135
020130407,105
020130408,88
020130409,106
020130410,62
020130411,117
020130412,248
020130413,111
020130414,96
020130501,104
020130502,116
020130503,180
020130504,142
020130505,124
020130506,198
020130507,128
020130508,191
020130601,70
020130602,151
020130603,120
020130604,160
020130605,144
020130606,117
020130607,135
020130608,99
020130701,85
020130702,64
020130703,167
020130704,119
020130705,143
020130706,126
020130707,126
020130708,118
020130709,150
020130801,131
020130802,99
020130803,157
020130804,165
020130805,208
020130806,113
020130807,133
020130808,144
020130809,113
020130810,92
020130901,107
020130902,107
020130903,91
020130904,99
020130905,222
020130906,126
020130907,129
020130908,144
020130909,172
020130910,88
020131001,181
020131002,184
020131003,144
020131004,165
020131005,83
020131006,140
020131007,135
020131008,157
020131009,89
020131010,120
020131011,107
020131101,78
020131102,103
020131103,75
020131104,89
020131105,68
020131106,153
020131107,104
020131201,108
020131202,134
020131203,86
020131204,204
020131205,127
020131206,88
020131207,100
020131208,96
020131209,187
020131210,78
020131301,214
020131302,34
020131303,91
020131304,139
020131305,143
020131306,39
020131307,118
020131308,134
020131309,149
020131310,174
020131311,113
020131312,181
020131313,260
020131314,161
020131401,169
020131402,68
020131403,138
020131404,127
020131405,86
020131406,159
020131407,70
020131408,111
020131409,105
020131410,159
020131411,154
020131501,114
020131502,126
020131503,116
020131504,74
020131505,147
020131506,115
020131507,130
020131508,144
020131509,150
020131510,105
020131511,104
020131512,136
020131601,128
020131602,148
020131603,81
020131604,136
020131605,75
020131606,44
020131607,128
020131608,120
020131609,140
020131610,123
020131611,126
020131612,114
020131613,80
020131701,139
020131702,175
020131703,126
020131704,92
020131705,122
020131706,143
020131707,165
020131708,123
020131709,178
020131710,181
020131711,88
020131801,91
020131802,131
020131803,128
020131804,102
020131805,128
020131806,112
020131807,192
020131808,149
020131809,83
020131810,127
020131901,131
020131902,162
020131903,135
020131904,104
020131905,172
020131906,71
020131907,106
020131908,131
020131909,144
020131910,142
020131911,87
020131912,120
020132001,114
020132002,147
020132003,77
020132004,130
020132005,113
020132006,160
020132007,154
020132008,161
020132009,96
020132010,98
020132011,125
020132012,113
020132101,120
020132102,59
020132103,119
020132104,186
020132105,149
020132106,160
020132107,221
020132108,162
020132109,168
020132110,190
020132201,112
020132202,99
020132203,92
020132204,180
020132205,222
020132206,199
020132207,205
020132208,193
020132209,85
020132301,221
020132302,100
020132303,209
020132304,100
020132305,93
020132306,131
020132307,93
020132308,180
020132309,188
020132310,90
020132311,147
020132401,87
020132402,109
020132403,102
020132404,164
020132405,99
020132406,97
020132407,117
020132408,112
020132409,137
020132410,110
020132501,90
020132502,89
020132503,105
020132504,82
020132505,63
020132506,81
020132507,122
020132508,104
020132601,106
020132602,87
020132603,102
020132604,106
020132605,99
020132606,69
020132607,55
020132608,47
020132609,62
020132610,140
020132611,80
020132701,70
020132702,158
020132703,155
020132704,163
020132705,117
020132706,190
020132707,190
020132708,126
020132709,168
020132801,59
020132802,61
020132803,123
020132804,60
020132805,75
020132806,144
020132807,146
020132808,193
020132809,128
020132810,105
020132901,85
020132902,69
020132903,71
020132904,121
020132905,101
020132906,79
020132907,102
020132908,126
020132909,33
020132910,57
020132911,115
020140101,77
020140102,81
020140103,156
020140104,197
020140105,260
020140106,208
020140107,160
020140108,158
020140109,178
020140110,213
020140201,242
020140202,126
020140203,190
020140204,127
020140205,128
020140206,136
020140207,138
020140208,179
020140209,186
020140210,216
020140301,336
020140302,111
020140303,83
020140304,127
020140305,161
020140306,70
020140307,157
020140308,166
020140309,204
020140310,144
020140311,126
020140312,124
020140401,186
020140402,114
020140403,125
020140404,121
020140405,159
020140406,172
020140407,185
020140408,226
020140409,171
020140410,294
020140501,54
020140502,103
020140503,171
020140504,115
020140505,191
020140506,88
020140507,96
020140508,58
020140509,266
020140510,233
020140601,231
020140602,163
020140603,134
020140604,152
020140605,126
020140606,171
020140607,109
020140608,92
020140609,141
020140610,58
020140701,84
020140702,118
020140703,87
020140704,175
020140705,78
020140706,85
020140707,66
020140708,58
020140709,66
020140801,155
020140802,111
020140803,44
020140804,70
020140805,151
020140806,125
020140807,90
020140808,82
020140809,198
020140901,239
020140902,128
020140903,236
020140904,238
020140905,89
020140906,133
020140907,129
020140908,187
020140909,165
020140910,230
020140911,148
020140912,159
020140913,165
020141001,1
020141101,161
020141102,253
020141103,126
020141104,138
020141105,196
020141106,197
020141107,117
020141108,238
020141109,138
020141110,67
020141111,87
020141112,144
020141113,190
020141114,106
020141201,71
020141202,101
020141203,88
020141204,87
020141205,133
020141206,94
020141207,46
020141208,66
020141209,89
020141210,137
020141211,84
020141301,44
020141302,85
020141303,128
020141304,67
020141305,89
020141306,76
020141307,39
020141308,75
020141309,98
020141310,79
020141311,63
020141312,69
020141401,168
020141402,117
020141403,165
020141404,58
020141405,53
020141406,61
020141407,70
020141408,137
020141409,200
020141410,131
020141411,155
020141501,107
020141502,116
020141503,126
020141504,135
020141505,139
020141506,148
020141507,132
020141508,346
020141601,314
020141602,166
020141603,283
020141604,225
020141605,167
020141606,57
020141607,139
020141701,187
020141702,181
020141703,217
020141704,72
020141705,158
020141706,130
020141707,136
020141708,297
020141801,149
020141802,147
020141803,233
020141804,175
020141805,208
020141806,135
020141807,112
020141808,184
020141901,94
020141902,200
020141903,243
020141904,252
020141905,273
020142001,239
020142002,255
020142003,175
020142004,143
020142005,132
020142006,93
020142007,55
020142101,125
020142102,78
020142103,53
020142104,80
020142105,49
020142106,87
020142107,99
020142108,94
020142109,90
020142110,62
020142111,73
020142201,112
020142202,119
020142203,76
020142204,103
020142205,115
020142206,145
020142207,82
020142208,76
020142209,133
020142210,111
020142301,107
020142302,81
020142303,88
020142304,164
020142305,211
020142306,71
020142307,95
020142308,148
020142309,163
020142310,113
020142311,115
020142401,128
020142402,84
020142403,102
020142404,68
020142405,142
020142406,108
020142407,131
020142408,94
020142409,150
020142501,153
020142502,82
020142503,142
020142504,119
020142505,85
020142506,118
020142507,132
020142508,127
020142509,123
020142601,218
020142602,151
020142603,72
020142604,270
020142605,195
020142606,173
020142607,223
020142701,236
020142702,242
020142703,129
020142704,172
020142705,195
020142706,81
020142707,99
020142801,133
020142802,112
020142803,142
020142804,111
020142805,114
020142806,158
020142807,152
020142808,104
020142809,102
020142810,196
020142811,190
020142812,119
020142901,129
020142902,119
020142903,122
020142904,147
020142905,109
020142906,193
020142907,172
020142908,130
020142909,139
020142910,174
020142911,136
020143001,163
020143002,193
020143003,218
020143004,166
020143005,190
020143006,122
020143007,91
020143008,355
020143009,273
020143101,111
020143102,168
020143103,127
020143104,127
020143105,122
020143106,210
020143107,173
020143108,148
020143109,136
020143110,103
020143111,92
020143112,120
020150101,108
020150102,70
020150103,44
020150104,61
020150105,61
020150106,49
020150107,56
020150108,52
020150109,65
020150110,59
020150111,37
020150112,38
020150201,51
020150202,65
020150203,75
020150204,65
020150205,49
020150206,47
020150207,66
020150208,46
020150209,33
020150210,39
020150301,56
020150302,75
020150303,73
020150304,73
020150305,56
020150306,95
020150307,132
020150308,116
020150309,108
020150310,112
020150311,66
020150312,89
020150313,72
020150401,62
020150402,42
020150403,144
020150404,35
020150405,35
020150406,48
020150407,66
020150408,62
020150409,37
020150410,42
020150411,47
020150412,63
020150413,44
020150414,32
020150501,74
020150502,84
020150503,58
020150504,39
020150505,70
020150506,45
020150507,40
020150508,53
020150509,23
020150510,31
020150511,35
020150512,59
020150513,52
020150514,40
020150601,60
020150602,63
020150603,65
020150604,61
020150605,45
020150606,64
020150607,53
020150701,32
020150702,13
020150703,20
020150704,20
020150705,31
020150706,16
020150707,39
020150708,31
020150709,36
020150710,54
020150711,42
020150712,37
020150801,27
020150802,16
020150803,51
020150804,26
020150805,42
020150806,49
020150807,54
020150808,44
020150809,64
020150810,71
020150901,47
020150902,27
020150903,61
020150904,14
020150905,30
020150906,17
020150907,24
020150908,37
020151001,119
020151002,76
020151003,96
020151004,70
020151005,78
020151006,47
020151007,119
020151008,51
020151009,65
020151010,70
020151011,70
020151012,74
020151013,78
020151101,63
020151102,140
020151103,71
020151104,58
020151105,49
020151106,46
020151107,40
020151108,64
020151109,85
020151110,45
020151111,151
020151112,108
020151113,72
020151201,49
020151202,55
020151203,62
020151204,60
020151205,86
020151206,48
020151207,34
020151208,72
020151209,42
020151301,68
020151302,57
020151303,67
020151304,73
020151305,49
020151306,62
020151307,86
020151308,50
020151309,103
020151310,75
020151401,70
020151402,90
020151403,60
020151404,87
020151405,97
020151406,83
020151407,168
020151408,48
020151409,41
020151410,48
020151411,57
020151501,57
020151502,51
020151503,99
020151504,44
020151505,19
020151506,35
020151507,34
020151508,37
020151509,112
020151510,67
020151601,59
020151602,55
020151603,88
020151604,65
020151605,46
020151606,54
020151607,81
020151608,94
020151609,77
020151610,73
020151611,68
020151701,83
020151702,79
020151703,86
020151704,94
020151705,92
020151706,72
020151707,58
020151708,63
020151709,69
020151710,99
020151711,91
020151712,91
020151801,54
020151802,39
020151803,66
020151804,53
020151805,49
020151806,60
020151807,114
020151808,62
020151809,52
020151810,62
020151811,88
020151812,72
020151813,66
020151901,60
020151902,81
020151903,79
020151904,99
020151905,98
020151906,82
020151907,96
020151908,66
020151909,99
020151910,125
020151911,79
020152001,107
020152002,82
020152003,86
020152004,69
020152005,66
020152006,71
020152007,79
020152008,72
020152009,41
020152010,87
020152011,71
020152012,79
020152101,92
020152102,125
020152103,67
020152104,109
020152105,38
020152106,116
020152107,48
020152108,72
020152109,86
020152110,92
020152111,128
020152112,44
020152113,100
